state,stateImg,parties,dateFiled,dateDecided,excerpt
Pennsylvania,https://www.democracydocket.com/wp-content/uploads/2021/08/icon_state-pennslyvania-01-1.png,"Bonner v. Chapman",2022-07-20,2023-08-01,"Lawsuit filed on behalf of Republican lawmakers in Pennsylvania against Acting Secretary of the Commonwealth of Pennsylvania Leigh M. Chapman (D) challenging Act 77 of the Pennsylvania Election Code."
Colorado,https://www.democracydocket.com/wp-content/uploads/2021/08/icon_state-colorado-01-1.png,"Colorado Republican Party v. Griswold",2023-07-31,undefined,"Lawsuit filed on behalf of the Colorado Republican Party (CO GOP) challenging Proposition 108 — a proposition that allows unaffiliated voters to vote in partisan primaries without declaring an affiliation to that party — alleging that the proposition violates the First and 14th Amendments of the U.S. Constitution."
Wisconsin,https://www.democracydocket.com/wp-content/uploads/2021/08/icon_state-wisconsin-01-1.png,"Concerned Veterans of Waukesha County v. Wisconsin Elections Commission",2022-11-04,2023-07-28,"Lawsuit filed on behalf of the Concerned Veterans of Waukesha County, two Wisconsin voters and state Rep. Janel Brandtjen (R) alleging that WEC must immediately sequester and stop counting military absentee ballots."
Florida,https://www.democracydocket.com/wp-content/uploads/2021/08/icon_state-florida-01-1.png,"League of Women Voters of Florida v. Byrd",2023-04-26,2023-07-27,"Lawsuit filed by the League of Women Voters of Florida and the Florida State Conference of the NAACP challenging Florida’s statewide voter registration application that was adopted in 2013."
Arkansas,https://www.democracydocket.com/wp-content/uploads/2021/08/icon_state-arkansas-01-1.png,"Christian Ministerial Alliance v. Arkansas",2019-06-10,2023-07-25,"Lawsuit filed on behalf of the Christian Ministerial Alliance, Arkansas Community Institute and Black voters challenging the election methods used for the Arkansas Court of Appeals and Arkansas Supreme Court."
Texas,https://www.democracydocket.com/wp-content/uploads/2021/08/icon_state-texas-01-1.png,"Paxton v. Harris County Commissioners Court",2022-11-21,2023-07-21,"Petition filed by Texas Attorney General Ken Paxton (R) seeking emergency relief from the Texas Supreme Court to prohibit the counting of ballots cast during Harris County’s extended polling hours during the Nov. 8, 2022 election."
Texas,https://www.democracydocket.com/wp-content/uploads/2021/08/icon_state-texas-01-1.png,"Texas Organizing Project v. Harris County",2022-11-08,2023-07-21,"Petition filed by the Texas Organizing Project requesting that the Harris County District Court allow 12 polling locations to remain open until 8:00 p.m. CST, which is one hour later than they would normally remain open."
Kentucky,https://www.democracydocket.com/wp-content/uploads/2021/08/icon_state-kentucky-01.png,"Lostutter v. Beshear",2018-10-29,2023-07-20,"Lawsuit filed by eight disenfranchised individuals with prior felony convictions challenging Kentucky’s voting rights restoration scheme."
Wisconsin,https://www.democracydocket.com/wp-content/uploads/2021/08/icon_state-wisconsin-01-1.png,"Priorities USA v. Wisconsin Elections Commission",2023-07-20,undefined,"Lawsuit filed by Priorities USA, the Wisconsin Alliance for Retired Americans and a voter against the Wisconsin Elections Commission challenging three rules regulating absentee voting procedures in Wisconsin."
Florida,https://www.democracydocket.com/wp-content/uploads/2021/08/icon_state-florida-01-1.png,"Florida Rights Restoration Coalition v. DeSantis",2023-07-19,undefined,"Lawsuit filed by Florida Rights Restoration Coalition and others challenging Florida’s onerous and inconsistent system for voting rights restoration as well as the state’s “election police” unit."
California,https://www.democracydocket.com/wp-content/uploads/2021/08/icon_state-california-01-1.png,"Election Integrity Project California v. Weber",2021-01-04,2023-07-18,"Lawsuit filed by an “election integrity” group, Election Integrity Project California (EIPCa), and voters, including two failed congressional and Senate candidates, against California Secretary of State Shirley Weber (D), California Attorney General Rob Bonta (D) and several county registrars of voters."
Texas,https://www.democracydocket.com/wp-content/uploads/2021/08/icon_state-texas-01-1.png,"Harris County v. Texas",2023-07-06,undefined,"Lawsuit filed on behalf of Harris County challenging a new law that targets Harris County election administration."
North Dakota,https://www.democracydocket.com/wp-content/uploads/2021/08/icon_state-northdakota-01.png,"Splonskowski v. White",2023-07-05,undefined,"Lawsuit challenging a North Dakota law that allows mail-in ballots that are cast and postmarked on or before Election Day to arrive and be counted up to 13 days after Election Day."
Mississippi,https://www.democracydocket.com/wp-content/uploads/2021/08/icon_state-mississippi-01-1.png,"Harness v. Watson",2017-09-28,2023-06-30,"Lawsuit challenging the felon disenfranchisement provision of the Mississippi Constitution."
Nevada,https://www.democracydocket.com/wp-content/uploads/2021/08/icon_state-nevada-01-1.png,"Vanness v. Aguilar",2023-06-29,undefined,"Lawsuit filed by failed Republican attorney general candidate and Nevada Republican National Committeewoman, Sigal Chattah, on behalf of Nevada residents challenging Nevada’s recently enacted Election Worker Protection Law, Senate Bill 406."
Iowa,https://www.democracydocket.com/wp-content/uploads/2021/08/icon_state-iowa-01-1.png,"League of United Latin American Citizens of Iowa v. Pate",2021-10-27,2023-06-29,"Lawsuit filed on behalf of LULAC of Iowa challenging the state’s failure to provide non-English election materials, specifically Spanish language materials, to voters with limited English proficiency."
Tennessee,https://www.democracydocket.com/wp-content/uploads/2021/08/icon_state-tennessee-01-1.png,"Falls v. Goins",2020-07-17,2023-06-29,"Lawsuit challenging Tennessee law regarding out-of-state felony disenfranchisement."
Minnesota,https://www.democracydocket.com/wp-content/uploads/2021/08/icon_state-minnesota-01-1.png,"Minnesota Voters Alliance v. Hunt",2023-06-28,undefined,"Lawsuit filed on behalf of a conservative group and three Minnesota residents challenging a set of recently enacted laws that restore voting rights Minnesotans on parole, probation or community release due to a felony conviction."
North Carolina,https://www.democracydocket.com/wp-content/uploads/2021/08/icon_state-northcarolina-01-1.png,"Moore v. Harper",2021-11-18,2023-06-27,"Lawsuit decided by the U.S. Supreme Court regarding whether the North Carolina Supreme Court violated the Elections Clause of the U.S. Constitution when it reviewed and struck down the state’s congressional map drawn by the Legislature for violating the North Carolina Constitution."
Virginia,https://www.democracydocket.com/wp-content/uploads/2021/08/icon_state-virginia-01-1.png,"King v. Youngkin",2023-06-26,undefined,"Lawsuit filed on behalf of Bridging The Gap In Virginia and three Virginia residents who are disenfranchised due to former felony convictions challenging the Virginia Constitution’s felony disenfranchisement provision."
Ohio,https://www.democracydocket.com/wp-content/uploads/2021/08/icon_state-ohio-01-1.png,"One Person One Vote v. LaRose",2023-05-12,2023-06-16,"Petition challenging an August election on Senate Joint Resolution 2, a proposed amendment to the Ohio Constitution that would increase the threshold to pass constitutional amendments from 50% to 60%."
Washington,https://www.democracydocket.com/wp-content/uploads/2021/08/icon_state-washington-01.png,"Portugal v. Franklin County",2021-04-22,2023-06-15,"Lawsuit filed by the League of United Latin American Citizens (LULAC) and three Latino voters against Franklin County, Washington, and its three-member county commission challenging the county’s hybrid electoral scheme."
New Jersey,https://www.democracydocket.com/wp-content/uploads/2021/08/icon_state-newjersey-01-1.png,"United States v. Union County",2023-05-09,2023-06-13,"Lawsuit filed by the U.S. Department of Justice (DOJ) challenging Union County, New Jersey’s failure to provide adequate assistance, information and election materials to Spanish-speaking voters."
Ohio,https://www.democracydocket.com/wp-content/uploads/2021/08/icon_state-ohio-01-1.png,"One Person One Vote v. Ohio Ballot Board",2023-05-23,2023-06-12,"Lawsuit filed on behalf of Ohio voters and One Person One Vote challenging the adopted ballot language for Senate Joint Resolution 2, a proposed amendment to the Ohio Constitution that would increase the threshold to pass constitutional amendments from 50% to 60%."
Arizona,https://www.democracydocket.com/wp-content/uploads/2021/08/icon_state-arizona-01-1.png,"Arizona Republican Party v. Fontes",2022-05-17,2023-06-02,"Lawsuit filed on behalf of the Arizona Republican Party and its chairwoman challenging the state’s no-excuse mail-in voting system."
Mississippi,https://www.democracydocket.com/wp-content/uploads/2021/08/icon_state-mississippi-01-1.png,"Disability Rights Mississippi v. Fitch",2023-05-31,undefined,"Lawsuit filed by Disability Rights Mississippi, the League of Women Voters of Mississippi, a voter and two individuals who provide voter assistance challenging Senate Bill 2358."
Florida,https://www.democracydocket.com/wp-content/uploads/2021/08/icon_state-florida-01-1.png,"Jacksonville Branch of the NAACP v. Jacksonville",2022-05-03,2023-05-30,"Lawsuit challenging Jacksonville, Florida’s city council districts and Duval County’s school board districts drawn with 2020 census data."
Nevada,https://www.democracydocket.com/wp-content/uploads/2021/08/icon_state-nevada-01-1.png,"Nevada Republican Party v. Nevada",2023-05-26,undefined,"Lawsuit brought by the Nevada Republican Party (NV GOP) against the state of Nevada and Nevada Secretary of State Francisco Aguilar (D) challenging Nevada’s presidential primary system."
Florida,https://www.democracydocket.com/wp-content/uploads/2021/08/icon_state-florida-01-1.png,"Hispanic Federation v. Byrd",2023-05-25,undefined,"Lawsuit filed by Hispanic Federation, Poder Latinx and Florida residents challenging a portion of omnibus voter suppression law, Senate Bill 7050."
Pennsylvania,https://www.democracydocket.com/wp-content/uploads/2021/08/icon_state-pennslyvania-01-1.png,"Keohane v. Delaware County Board of Elections",2023-05-25,undefined,"Lawsuit filed on behalf of three Delaware County, Pennsylvania voters against the Delaware County Board of Elections challenging the board’s decision to not count provisional ballots cast in the May 16, 2023 municipal primary election."
Florida,https://www.democracydocket.com/wp-content/uploads/2021/08/icon_state-florida-01-1.png,"League of Women Voters of Florida v. Moody",2023-05-24,undefined,"Lawsuit filed on behalf of the League of Women Voters of Florida, and League of Women Voters of Florida Education Fund against Florida Attorney General Ashley Moody (R) and Florida Secretary of State Cord Byrd (R)"
Minnesota,https://www.democracydocket.com/wp-content/uploads/2021/08/icon_state-minnesota-01-1.png,"Minnesota Voters Alliance v. Office of the Minnesota Secretary of State",2022-01-25,2023-05-24,"Lawsuit filed on behalf of Minnesota Voters Alliance — an organization “fighting for election integrity” — and three voters against the office of the Minnesota secretary of state challenging the administrative rule outlining the duties of ballot board members who review absentee ballots."
Florida,https://www.democracydocket.com/wp-content/uploads/2021/08/icon_state-florida-01-1.png,"Florida State Conference of Branches and Youth Units of the NAACP v. Byrd",2023-05-24,undefined,"Lawsuit challenging multiple provisions in Florida omnibus voter suppression law, S.B. 7050."
Arkansas,https://www.democracydocket.com/wp-content/uploads/2021/08/icon_state-arkansas-01-1.png,"Christian Ministerial Alliance v. Thurston",2023-05-23,undefined,"Lawsuit challenging Arkansas’ congressional map."
Arizona,https://www.democracydocket.com/wp-content/uploads/2021/08/icon_state-arizona-01-1.png,"League of Women Voters of Arizona v. Lions of Liberty",2022-10-25,2023-05-22,"Lawsuit filed by the League of Women Voters of Arizona against several groups for alleged voter intimidation in Arizona."
Arizona,https://www.democracydocket.com/wp-content/uploads/2021/08/icon_state-arizona-01-1.png,"Arizona Alliance for Retired Americans v. Clean Elections USA",2022-10-24,2023-05-22,"Lawsuit filed against Clean Elections USA, Melody Jennings (the founder of CEUSA) and unnamed defendants challenging voter intimidation practices in Arizona."
Arkansas,https://www.democracydocket.com/wp-content/uploads/2021/08/icon_state-arkansas-01-1.png,"Suttlar v. Thurston",2022-03-21,2023-05-11,"Lawsuit filed on behalf of a group of Black Arkansas voters against the state’s new congressional map."
Colorado,https://www.democracydocket.com/wp-content/uploads/2021/08/icon_state-colorado-01-1.png,"Judicial Watch, Inc. v. Griswold",2020-10-05,2023-05-08,"Conservative lawsuit challenging Colorado’s failure to purge voters from its rolls."
Kansas,https://www.democracydocket.com/wp-content/uploads/2021/08/icon_state-kansas-01-1.png,"VoteAmerica v. Schwab",2021-06-02,2023-05-04,"Lawsuit challenging Kansas voter suppression law House Bill 2332."
Louisiana,https://www.democracydocket.com/wp-content/uploads/2021/08/icon_state-louisiana-01-1.png,"Voice of the Experienced v. Ardoin",2023-05-01,undefined,"Lawsuit filed on behalf of Voice of the Experienced (VOTE), Power Coalition for Equity and Justice and the League of Women Voters of Louisiana against Louisiana Secretary of State Kyle Ardoin (R) challenging the state’s policy regarding re-enfranchisement for “suspended” voters."
North Carolina,https://www.democracydocket.com/wp-content/uploads/2021/08/icon_state-northcarolina-01-1.png,"Community Success Initiative v. Moore",2019-11-20,2023-04-28,"Lawsuit challenging North Carolina’s felony disenfranchisement law."
North Carolina,https://www.democracydocket.com/wp-content/uploads/2021/08/icon_state-northcarolina-01-1.png,"Holmes v. Moore",2018-12-19,2023-04-28,"Lawsuit challenging North Carolina’s strict photo ID law S.B. 824."
Alabama,https://www.democracydocket.com/wp-content/uploads/2021/08/icon_state-alabama-01-1.png,"Thompson v. Merrill",2016-09-26,2023-04-26,"Class action lawsuit filed on behalf of individual plaintiffs who are not registered to vote in Alabama due to a prior felony conviction, Greater Birmingham Ministries and a class of unregistered citizens who are otherwise eligible to register to vote but have been convicted of a felony."
Mississippi,https://www.democracydocket.com/wp-content/uploads/2021/08/icon_state-mississippi-01-1.png,"Saunders v. Randolph",2023-04-24,undefined,"Lawsuit filed on behalf of three Jackson, Mississippi residents challenging a newly enacted anti-democratic law, House Bill 1020 that targets Jackson residents."
Mississippi,https://www.democracydocket.com/wp-content/uploads/2021/08/icon_state-mississippi-01-1.png,"NAACP v. Reeves",2023-04-21,undefined,"Lawsuit filed by the NAACP, the Mississippi State Conference of the NAACP, the Jackson City Branch of the NAACP and six residents of Jackson, Mississippi challenging two recently enacted anti-democratic laws that target Jackson’s majority-Black population."
New York,https://www.democracydocket.com/wp-content/uploads/2021/08/icon_state-newyork-01-1.png,"Nichols v. Hochul",2022-05-15,2023-04-20,"Lawsuit filed on behalf of three New York voters challenging the state’s new Assembly map drawn with 2020 census data."
Alabama,https://www.democracydocket.com/wp-content/uploads/2021/08/icon_state-alabama-01-1.png,"Addoh-Kondi v. Jefferson County Commission",2023-04-18,undefined,"Lawsuit filed on behalf of voters in Jefferson County, Alabama challenging Jefferson County, Alabama’s county commission districts drawn with 2020 census data."
Illinois,https://www.democracydocket.com/wp-content/uploads/2021/08/icon_state-illinois-01-1.png,"Mazzochi v. Kaczmarek",2022-11-14,2023-04-10,"Lawsuit filed by Deanne Mazzochi (the Republican candidate for the 45th state House District) against the DuPage County clerk  and Jenn Ladisch Douglass (the Democratic candidate for the 45th state House District)."
Missouri,https://www.democracydocket.com/wp-content/uploads/2021/08/icon_state-missouri-01-2.png,"Cooper v. Ashcroft",2023-03-23,2023-04-10,"Lawsuit filed on behalf of a Missouri citizen against Missouri Secretary of State John Ashcroft (R) challenging Ashcroft’s allegedly “unlawful” rejection of two proposed ballot initiative petitions."
Alabama,https://www.democracydocket.com/wp-content/uploads/2021/08/icon_state-alabama-01-1.png,"McClure v. Jefferson County Commission",2023-04-07,undefined,"Lawsuit filed by a Black voter, Greater Birmingham Ministries, the Metro-Birmingham Branch of the NAACP and the Alabama State Conference of the NAACP challenging Jefferson County, Alabama’s county commission districts drawn with 2020 census data."
Virginia,https://www.democracydocket.com/wp-content/uploads/2021/08/icon_state-virginia-01-1.png,"Nolef Turns v. Youngkin",2023-04-06,undefined,"Lawsuit filed on behalf of an individual who is disenfranchised due to a former felony conviction and a nonprofit organization that supports formerly incarcerated individuals challenging Virginia’s felony disenfranchisement policy."
New Hampshire,https://www.democracydocket.com/wp-content/uploads/2021/08/icon_state-newhampshire-01-1.png,"Mosley v. Scanlan",2022-11-18,2023-04-05,"Lawsuit filed by the Democratic state House candidate for the 16th House District and the Democratic state senator representing the 18th state Senate District, challenging the counting of ballots cast during the Nov. 8 election."
North Carolina,https://www.democracydocket.com/wp-content/uploads/2021/08/icon_state-northcarolina-01-1.png,"North Carolina Democratic Party v. North Carolina",2019-12-20,2023-03-30,"Democratic lawsuit challenging a North Carolina law that limits early voting locations."
Pennsylvania,https://www.democracydocket.com/wp-content/uploads/2021/08/icon_state-pennslyvania-01-1.png,"French v. County of Luzerne",2023-03-28,undefined,"Lawsuit filed by three Luzerne County, Pennsylvania, voters against Luzerne County and its election officials alleging that voters were “disenfranchised” during the Nov. 8, 2022, midterm elections as a result of the defendants’ “misadministration of the election” in at least “40 election districts.”"
Tennessee,https://www.democracydocket.com/wp-content/uploads/2021/08/icon_state-tennessee-01-1.png,"Tucker v. Lee",2023-03-28,undefined,"Lawsuit filed by voters from Davidson County, Tennessee against Tennessee Gov. Bill Lee (R), Secretary of State Tre Hargett (R) and Coordinator of Elections Mark Goins (R) challenging House Bill 48."
Kansas,https://www.democracydocket.com/wp-content/uploads/2021/08/icon_state-kansas-01-1.png,"Frick v. Schwab",2022-03-01,2023-03-27,"Lawsuit filed on behalf of Democratic voters challenging Kansas’ new congressional map."
Kansas,https://www.democracydocket.com/wp-content/uploads/2021/08/icon_state-kansas-01-1.png,"Alonzo v. Schwab",2022-02-14,2023-03-27,"Lawsuit filed on behalf of a group of Kansas voters challenging the state’s new congressional map."
Kansas,https://www.democracydocket.com/wp-content/uploads/2021/08/icon_state-kansas-01-1.png,"Rivera v. Schwab",2022-02-14,2023-03-27,"Lawsuit filed on behalf of Kansas voters and the organization Loud Light against Kansas’ new congressional map."
Pennsylvania,https://www.democracydocket.com/wp-content/uploads/2021/08/icon_state-pennslyvania-01-1.png,"Republican National Committee v. Chapman",2022-09-01,2023-03-23,"Lawsuit filed by the Republican National Committee and others challenging the authority of the county boards of elections to develop and implement ballot cure procedures."
Idaho,https://www.democracydocket.com/wp-content/uploads/2021/08/icon_state-idaho-01.png,"March For Our Lives Idaho v. McGrane",2023-03-17,undefined,"Lawsuit filed by March For Our Lives Idaho and a young voter challenging House Bill 124, a newly enacted voter suppression law that eliminates the use of a student ID as an acceptable form of identification for in-person voting."